{
  "spots": [
    {
      "name": "NewSpot",
      "template": "assets/templates/spots/spot_1762004611.png",
      "threshold": 0.82,
      "roi": [
        0,
        0,
        0,
        0
      ]
    },
    {
      "name": "sadasd",
      "template": "",
      "threshold": 0.82,
      "roi": [
        0,
        0,
        0,
        0
      ]
    },
    {
      "name": "Papa",
      "template": "",
      "threshold": 0.82,
      "roi": [
        0,
        0,
        0,
        0
      ]
    }
  ]
}